{
  "diagnostics_metrics": {
    "final_speed_mps": 0.1357553963828285,
    "impact_count": 4.0,
    "max_speed_mps": 8.514527077882825,
    "runout_m": 4.885722921584878
  },
  "diagnostics_status": "passed",
  "impact_count": {
    "max": 4.0,
    "mean": 4.0,
    "median": 4.0,
    "min": 4.0,
    "p05": 4.0,
    "p95": 4.0
  },
  "max_speed_mps": {
    "max": 8.514527077882825,
    "mean": 8.514527077882825,
    "median": 8.514527077882825,
    "min": 8.514527077882825,
    "p05": 8.514527077882825,
    "p95": 8.514527077882825
  },
  "runout_m": {
    "max": 4.885722921584878,
    "mean": 4.885722921584878,
    "median": 4.885722921584878,
    "min": 4.885722921584878,
    "p05": 4.885722921584878,
    "p95": 4.885722921584878
  },
  "trajectory_count": 1
}
